country,country_name,act,act_short,act_en,act_url,authority,authority_en,penalty_type,penalty_max,currency,penalty_summary,information_where,microenterprise_exemption,verified
AT,Austria,Bundesgesetz über Barrierefreiheitsanforderungen für Produkte und Dienstleistungen (Barrierefreiheitsgesetz – BaFG),BaFG (BGBl. I Nr. 76/2023),Federal Act on accessibility requirements for products and services (Accessibility Act – BaFG),https://www.ris.bka.gv.at/GeltendeFassung.wxe?Abfrage=Bundesnormen&Gesetzesnummer=20012316,Bundesamt für Soziales und Behindertenwesen (Sozialministeriumservice),Federal Office for Social Affairs and Disability (Sozialministeriumservice),administrative fine (Verwaltungsübertretung),80000,EUR,"Offering or providing a service contrary to § 14(1) is punishable by up to EUR 80,000 (up to EUR 50,000 for SMEs); failing to draw up the Annex 3 information up to EUR 40,000 (EUR 25,000 for SMEs); failing to provide/keep the information, notify non-conformity or cooperate up to EUR 16,000.",general terms and conditions or a similar document,§ 6(1) BaFG (microenterprises offering or providing services are exempt from the § 4(3) requirements and all related obligations); definition § 3 Z 19,2026-09-25
BE,Belgium,"Loi du 5 novembre 2023 modifiant plusieurs livres du Code de droit économique et la loi du 2 août 2002 relative à la surveillance du secteur financier et aux services financiers en vue de la transposition partielle de la directive (UE) 2019/882 du Parlement européen et du Conseil du 17 avril 2019 relative aux exigences en matière d'accessibilité applicables aux produits et services, pour ce qui concerne certains services",Act of 5 Nov 2023 (CDE art. VIII.58–66),"Act of 5 November 2023 amending several books of the Code of Economic Law and the Act of 2 August 2002 on the supervision of the financial sector and financial services, for the partial transposition of Directive (EU) 2019/882 on accessibility requirements for products and services, as regards certain services",https://www.ejustice.just.fgov.be/eli/loi/2023/11/05/2023046827/justel,"SPF Economie, P.M.E., Classes moyennes et Énergie – Direction générale de l'Inspection économique","FPS Economy, SMEs, Self-employed and Energy – Directorate-General Economic Inspection","criminal fine (sanction de niveau 2 / niveau 3), may be settled by administrative fine",25000,EUR,"Breaches of art. VIII.59–VIII.62 (accessibility requirements, information, conformity procedures, disproportionate-burden assessment) are punished with a level-2 sanction (EUR 26–10,000 or 4% of annual turnover if higher), or level 3 in bad faith (EUR 26–25,000 or 6% of annual turnover if higher); the court may add corrective measures.",,"Art. 40 of the Act of 5 November 2023: undertakings with fewer than 10 employees and annual turnover or balance sheet total ≤ EUR 2,000,000 are excluded from the Act until 28 June 2030 (temporary); CDE art. VIII.59 §2 allows the King to exclude micro-enterprises from some or all requirements",2026-09-25
CY,Cyprus,"Ο περί της Προσβασιμότητας Προϊόντων και Υπηρεσιών Νόμος του 2024, Ν. 57(Ι)/2024",L. 57(I)/2024,"Accessibility of Products and Services Law of 2024, L. 57(I)/2024",https://www.cylaw.org/nomoi/enop/non-ind/2024_1_57/full.html,Υφυπουργός Κοινωνικής Πρόνοιας,Deputy Minister of Social Welfare,administrative fine; also a criminal offence,20000,EUR,"Administrative fine up to EUR 10,000 (EUR 20,000 for a repeat breach) plus up to EUR 500 per day while it continues; as a criminal offence up to EUR 20,000 and/or 2 years (repeat: EUR 30,000 and/or 3 years).",general terms or equivalent document,art. 5(5),2026-09-25
CZ,Czechia,"Zákon č. 424/2023 Sb., o požadavcích na přístupnost některých výrobků a služeb",Act No. 424/2023 Coll.,Act No. 424/2023 Coll. on accessibility requirements for certain products and services,https://e-sbirka.gov.cz/sb/2023/424,Česká obchodní inspekce (ČOI),Czech Trade Inspection Authority,administrative fine (offence),10000000,CZK,"Up to CZK 10,000,000 for a service that does not meet the requirements, is not fixed, or ignores ordered measures; lower caps (CZK 5M / 2M / 1M) for other service offences, CZK 1M for not publishing the § 14 information.",general terms or equivalent document (also in audio form on request),§ 2(3)(a); definition § 3(1)(p),2026-09-25
DK,Denmark,Lov nr. 801 af 7. juni 2022 om tilgængelighedskrav for produkter og tjenester,Act No. 801 of 7 June 2022,Act No. 801 of 7 June 2022 on accessibility requirements for products and services,https://www.retsinformation.dk/eli/lta/2022/801,Sikkerhedsstyrelsen,Danish Safety Technology Authority,criminal fine,,DKK,"Breaches, including the service provider's information duty, are punishable by a fine set by the courts; companies can be held liable. The act sets no amount.","general terms or equivalent document, in writing and orally",§ 6(3),2026-09-25
FI,Finland,"Laki digitaalisten palvelujen tarjoamisesta (306/2019), 3 a luku","Act 306/2019, ch. 3 a","Act on the Provision of Digital Services (306/2019), chapter 3 a, added by Act 104/2023",https://www.finlex.fi/fi/lainsaadanto/2019/306,Liikenne- ja viestintävirasto Traficom,Finnish Transport and Communications Agency,periodic penalty only,,EUR,No fines: Traficom can order the service to be fixed within a reasonable time and back the order with a conditional fine (uhkasakko).,stand-alone accessibility statement (saavutettavuusseloste); feedback answered within 2 weeks,§ 10 b,2026-09-25
FR,France,"LOI n° 2023-171 du 9 mars 2023 portant diverses dispositions d'adaptation au droit de l'Union européenne dans les domaines de l'économie, de la santé, du travail, des transports et de l'agriculture (art. 16)","Law No. 2023-171, art. 16 (Consumer Code L. 412-13)","Law No. 2023-171 of 9 March 2023 laying down various provisions adapting to European Union law in the fields of the economy, health, labour, transport and agriculture (Article 16)",https://www.legifrance.gouv.fr/loda/id/JORFTEXT000047281777,"Direction générale de la concurrence, de la consommation et de la répression des fraudes (DGCCRF)","Directorate-General for Competition Policy, Consumer Affairs and Fraud Control","contravention (criminal fine, 5th class)",7500,EUR,"Each failure by a service provider (non-compliant service, missing/unpublished accessibility information, not informing authorities, not providing compliance information on request) is a 5th-class contravention: up to EUR 1,500 for a natural person and EUR 7,500 for a legal person per offence; repeat offences up to EUR 3,000 / EUR 15,000.",general terms or equivalent document,"Code de la consommation art. L. 412-13 I, last paragraph (fewer than 10 persons and turnover or balance sheet ≤ EUR 2 million: exempt from the requirements and all related obligations)",2026-09-25
DE,Germany,Gesetz zur Umsetzung der Richtlinie (EU) 2019/882 des Europäischen Parlaments und des Rates über die Barrierefreiheitsanforderungen für Produkte und Dienstleistungen (Barrierefreiheitsstärkungsgesetz – BFSG),BFSG (BGBl. I 2021 S. 2970),Act implementing Directive (EU) 2019/882 of the European Parliament and of the Council on the accessibility requirements for products and services (Accessibility Strengthening Act – BFSG),https://www.gesetze-im-internet.de/bfsg/,"Marktüberwachungsstelle der Länder für die Barrierefreiheit von Produkten und Dienstleistungen (MLBF AöR), Magdeburg","Market Surveillance Authority of the Länder for the Accessibility of Products and Services (MLBF), Magdeburg",administrative fine (Ordnungswidrigkeit),100000,EUR,"Offering or providing an e-commerce service contrary to § 14(1) (not meeting the BFSGV requirements, or without the Annex 3 information made accessible to the public) is a regulatory offence punishable by a fine of up to EUR 100,000; other service-provider offences (e.g. failing to notify non-conformity under § 14(4) or to give information to the authority under § 14(5)) up to EUR 10,000.",general terms and conditions (Allgemeine Geschäftsbedingungen) or in another clearly perceptible manner,§ 3(3) BFSG (requirements of § 3(1) do not apply to microenterprises offering or providing services); definition § 2 Nr. 17 BFSG (<10 persons and annual turnover or balance sheet total ≤ EUR 2 million),2026-09-25
GR,Greece,Νόμος 4994/2022 — Ενσωμάτωση της Οδηγίας (ΕΕ) 2019/882,Law 4994/2022,Law 4994/2022 transposing Directive (EU) 2019/882,https://eur-lex.europa.eu/legal-content/EL/TXT/PDF/?uri=CELEX:72019L0882GRC_202207302,,,administrative sanctions,,EUR,Administrative sanctions under the principle of proportionality; the act sets no amount for services (amounts are delegated to a presidential decree for products only).,general terms or equivalent document,art. 5(4),2026-09-25
HU,Hungary,2022. évi XVII. törvény a termékekre és a szolgáltatásokra vonatkozó akadálymentességi követelményeknek való megfelelés általános szabályairól (Aktv.),Act XVII of 2022 (Aktv.),Act XVII of 2022 on the general rules for compliance with accessibility requirements for products and services,https://njt.hu/jogszabaly/2022-17-00-00,fogyasztóvédelmi hatóság (fővárosi és vármegyei kormányhivatalok),consumer protection authority (Budapest and county government offices),administrative fine after a warning,500000000,HUF,"The authority first warns and agrees a deadline; a fine follows only if the business does not cooperate or fix. From HUF 15,000; up to HUF 500,000 for most businesses; for large non-SME businesses above HUF 100M turnover up to 5% of turnover, max HUF 500M.",general terms or equivalent document,Aktv. 3. § (3),2026-09-25
IT,Italy,"Decreto legislativo 27 maggio 2022, n. 82 — Attuazione della direttiva (UE) 2019/882 del Parlamento europeo e del Consiglio, del 17 aprile 2019, sui requisiti di accessibilità dei prodotti e dei servizi",Legislative Decree No. 82/2022,Legislative Decree No. 82 of 27 May 2022 — Implementation of Directive (EU) 2019/882 of the European Parliament and of the Council of 17 April 2019 on the accessibility requirements for products and services,https://www.normattiva.it/uri-res/N2Ls?urn:nir:stato:decreto.legislativo:2022-05-27;82,Agenzia per l'Italia Digitale (AgID),Agency for Digital Italy,administrative fine,40000,EUR,"A service provider that breaches the accessibility requirements or its service-provider obligations (art. 3, art. 12 c. 1–4) faces an administrative fine of EUR 5,000–40,000, graded by the extent of non-conformity and number of users affected; failure to comply with AgID corrective orders or to cooperate: EUR 2,500–30,000; providers with average turnover above EUR 500 million (L. 4/2004 art. 3 c. 1-bis) are in any case subject to the L. 4/2004 sanction of up to 5% of turnover.",general terms or equivalent document,"D.Lgs. 82/2022 art. 3, comma 3 (definition art. 2 lett. bb): fewer than 10 persons and turnover or balance sheet ≤ EUR 2 million)",2026-09-25
NL,Netherlands,Wet van 8 april 2024 tot wijziging van diverse wetten ter implementatie van Richtlijn (EU) 2019/882 (Implementatiewet toegankelijkheidsvoorschriften producten en diensten),Implementation Act (BW 6:230fa–fd),Act of 8 April 2024 amending various acts to implement Directive (EU) 2019/882 (Accessibility Requirements for Products and Services Implementation Act),https://wetten.overheid.nl/BWBR0049571/,Autoriteit Consument en Markt (ACM),Netherlands Authority for Consumers and Markets (ACM),administrative fine and/or periodic penalty payment (last onder dwangsom),900000,EUR,"Breach of BW 6:230fb (via art. 8.15 Whc) is an infringement for which the ACM may impose an order subject to periodic penalty or an administrative fine of up to EUR 900,000 or, if higher, 1% of the offender's turnover (doubled for a repeat offence within five years).","statute: information per Annex V of Directive (EU) 2019/882 (i.e. general terms and conditions or equivalent document); ACM guidance: an accessibility statement (verklaring) on the website/app, easy to find, itself accessible, in written and oral form",BW 6:230fc(1) (art. 230fb does not apply to undertakings with fewer than 10 employees and annual turnover or balance sheet total ≤ EUR 2 million),2026-09-25
PL,Poland,Ustawa z dnia 26 kwietnia 2024 r. o zapewnianiu spełniania wymagań dostępności niektórych produktów i usług przez podmioty gospodarcze,Act of 26 April 2024 (Dz.U. 2024 poz. 731),Act of 26 April 2024 on ensuring compliance with accessibility requirements of certain products and services by economic operators,https://isap.sejm.gov.pl/isap.nsf/DocDetails.xsp?id=WDU20240000731,"Minister właściwy do spraw informatyzacji (Minister Cyfryzacji); ponadto Prezes Zarządu PFRON (kontrola, postępowania, kary)",Minister responsible for computerisation (Minister of Digital Affairs); in addition the President of the Management Board of the State Fund for Rehabilitation of Disabled Persons (PFRON) can inspect and fine,administrative fine (kara pieniężna),89035.6,PLN,"A service provider that fails to ensure accessibility, to carry out the conformity assessment, to inform the authority of non-compliance, or to supply information on request can be fined up to ten times the average monthly wage in the national economy for the previous year, but not more than 10% of the previous year's turnover.",terms of service (regulamin) or other equivalent document,art. 4 pkt 1,2026-09-25
PT,Portugal,"Decreto-Lei n.º 82/2022, de 6 de dezembro",Decree-Law No. 82/2022,"Decree-Law No. 82/2022 of 6 December, transposing Directive (EU) 2019/882",https://files.dre.pt/1s/2022/12/23400/0010900132.pdf,ANACOM — Autoridade Nacional de Comunicações,National Communications Authority,administrative offence (coima),,EUR,"For legal persons: EUR 12,000–24,000 for a grave offence, from EUR 24,000 up to the general statutory ceiling for a very grave one (non-compliant service = very grave); halved limits for negligence; convictions are published.","general terms or equivalent document, in writing and orally",art. 2.º(5)(b),2026-09-25
RO,Romania,Legea nr. 232/2022 privind cerințele de accesibilitate aplicabile produselor și serviciilor,Law No. 232/2022,Law No. 232/2022 on accessibility requirements for products and services,https://legislatie.just.ro/Public/DetaliiDocument/257778,Autoritatea pentru Digitalizarea României (ADR),Romanian Digitalisation Authority,contravention fine,15000,RON,"For service providers RON 5,000–15,000 depending on the breach (RON 7,000–15,000 for the information duties); complementary measures possible.","general terms or equivalent document, in writing and orally",art. 4(5),2026-09-25
ES,Spain,"Ley 11/2023, de 8 de mayo, de trasposición de Directivas de la Unión Europea en materia de accesibilidad de determinados productos y servicios, migración de personas altamente cualificadas, tributaria y digitalización de actuaciones notariales y registrales; y por la que se modifica la Ley 12/2011, de 27 de mayo, sobre responsabilidad civil por daños nucleares o producidos por materiales radiactivos (título I)",Law 11/2023,"Law 11/2023 of 8 May transposing European Union Directives on the accessibility of certain products and services, migration of highly qualified persons, taxation and digitalisation of notarial and registry procedures; and amending Law 12/2011 of 27 May on civil liability for nuclear damage or damage caused by radioactive materials (Title I)",https://www.boe.es/buscar/act.php?id=BOE-A-2023-11022,"Autoridades de vigilancia designadas por las comunidades autónomas y las ciudades de Ceuta y Melilla; en su defecto, la Unidad técnica de apoyo y coordinación (UTAC), Dirección General de Derechos de las Personas con Discapacidad","Surveillance authorities designated by each autonomous community (and Ceuta/Melilla); where none is designated, the Technical Support and Coordination Unit (UTAC) of the Directorate-General for the Rights of Persons with Disabilities",administrative fine,1000000,EUR,"Ley 11/2023 sets no fines of its own: breaches are punished under the applicable sectoral regime and, failing that, under Title III of RDL 1/2013, where failure to meet accessibility requirements is a serious infringement (EUR 30,001–90,000 at State level) or, where it prevents free access and use, a very serious one (up to EUR 1,000,000); autonomous communities type the infringements in their own legislation.",general terms or equivalent document,Ley 11/2023 art. 3.3,2026-09-25
SE,Sweden,Lag (2023:254) om vissa produkters och tjänsters tillgänglighet,Act 2023:254,Act (2023:254) on the accessibility of certain products and services,https://www.riksdagen.se/sv/dokument-och-lagar/dokument/svensk-forfattningssamling/lag-2023254-om-vissa-produkters-och-tjansters_sfs-2023-254/,Post- och telestyrelsen (PTS),Swedish Post and Telecom Authority,administrative sanction fee,10000000,SEK,"A sanction fee of SEK 10,000 to 10,000,000; none in minor cases. Orders may carry a conditional fine (vite).",general terms or equivalent document,§ 10,2026-09-25
